/*M!999999\- enable the sandbox mode */ 
-- MariaDB dump 10.19-11.7.2-MariaDB, for Win64 (AMD64)
--
-- Host: localhost    Database: entrega
-- ------------------------------------------------------
-- Server version	12.3.2-MariaDB

/*!40101 SET @OLD_CHARACTER_SET_CLIENT=@@CHARACTER_SET_CLIENT */;
/*!40101 SET @OLD_CHARACTER_SET_RESULTS=@@CHARACTER_SET_RESULTS */;
/*!40101 SET @OLD_COLLATION_CONNECTION=@@COLLATION_CONNECTION */;
/*!40101 SET NAMES utf8mb4 */;
/*!40103 SET @OLD_TIME_ZONE=@@TIME_ZONE */;
/*!40103 SET TIME_ZONE='+00:00' */;
/*!40014 SET @OLD_UNIQUE_CHECKS=@@UNIQUE_CHECKS, UNIQUE_CHECKS=0 */;
/*!40014 SET @OLD_FOREIGN_KEY_CHECKS=@@FOREIGN_KEY_CHECKS, FOREIGN_KEY_CHECKS=0 */;
/*!40101 SET @OLD_SQL_MODE=@@SQL_MODE, SQL_MODE='NO_AUTO_VALUE_ON_ZERO' */;
/*M!100616 SET @OLD_NOTE_VERBOSITY=@@NOTE_VERBOSITY, NOTE_VERBOSITY=0 */;

--
-- Table structure for table `habilidades`
--

DROP TABLE IF EXISTS `habilidades`;
/*!40101 SET @saved_cs_client     = @@character_set_client */;
/*!40101 SET character_set_client = utf8mb4 */;
CREATE TABLE `habilidades` (
  `id` int(10) unsigned NOT NULL AUTO_INCREMENT,
  `nombre` varchar(20) NOT NULL,
  `descripcion` varchar(500) DEFAULT NULL,
  `efecto_visual` varchar(100) DEFAULT NULL,
  `efecto_sonoro` varchar(100) DEFAULT NULL,
  `es_unica` tinyint(1) DEFAULT 0,
  `afecta_a` enum('Uno mismo','Oponente','Otros') DEFAULT NULL,
  `categoria_efecto` varchar(30) DEFAULT NULL,
  PRIMARY KEY (`id`),
  UNIQUE KEY `nombre` (`nombre`)
) ENGINE=InnoDB AUTO_INCREMENT=76 DEFAULT CHARSET=utf8mb4 COLLATE=utf8mb4_uca1400_ai_ci;
/*!40101 SET character_set_client = @saved_cs_client */;

--
-- Dumping data for table `habilidades`
--

LOCK TABLES `habilidades` WRITE;
/*!40000 ALTER TABLE `habilidades` DISABLE KEYS */;
INSERT INTO `habilidades` VALUES
(1,'Espesura','Potencia ataques de Planta con PS bajos','Aura de hojas verdes','Crujido de ramas',0,'Uno mismo','Potenciador'),
(2,'Mar Llamas','Potencia ataques de tipo Fuego con PS bajos.','Aura de fuego intenso','Llamarada rugiente',0,'Uno mismo','Potenciador'),
(3,'Torrente','Potencia ataques de tipo Agua con PS bajos.','Aura de agua fluyendo','Chorro a presión',0,'Uno mismo','Potenciador'),
(4,'Enjambre','Potencia ataques de tipo Bicho con PS bajos.','Zumbido de insectos','Zumbido agudo',0,'Uno mismo','Potenciador'),
(5,'Vista Lince','Evita que el rival baje la Precisión.','Brillo agudo en los ojos','Destello limpio',0,'Uno mismo','Estadísticas'),
(6,'Intimidación','Baja el Ataque del rival al entrar.','Mirada desafiante','Rugido imponente',0,'Oponente','Estadísticas'),
(7,'Levitación','Inmunidad total a ataques tipo Tierra.','El Pokémon flota levemente','Zumbido constante',0,'Uno mismo','Defensivo'),
(8,'Absorbe Agua','Cura PS si recibe un ataque de Agua.','Brillo acuático azul','Absorción líquida',0,'Uno mismo','Curación'),
(9,'Absorbe Fuego','Potencia Fuego al recibir ataque Fuego.','Llamas absorbidas al cuerpo','Ignición interna',0,'Uno mismo','Potenciador'),
(10,'Sincronía','Contagia problemas de estado al rival.','Onda psíquica bicolor','Chispa mental',0,'Oponente','Estado'),
(11,'Cura Natural','Cura estados alterados al ser cambiado.','Destello verde sanador','Campana celestial',0,'Uno mismo','Estado'),
(12,'Dicha','Duplica probabilidad de efectos secundarios.','Brillo de estrellas blancas','Cascabel alegre',0,'Uno mismo','Probabilidad'),
(13,'Foco Interno','Evita que el Pokémon retroceda.','Aura de concentración azul','Latido firme',0,'Uno mismo','Defensivo'),
(14,'Cuerpo Llama','Puede quemar al rival por contacto físico.','Cuerpo al rojo vivo','Chasquido de brasa',0,'Oponente','Estado'),
(15,'Clorofila','Sube la Velocidad si hace sol.','Brillo solar en la piel','Viento cálido',0,'Uno mismo','Estadísticas'),
(16,'Nado Rápido','Sube la Velocidad si llueve.','Estela de agua rápida','Deslizamiento',0,'Uno mismo','Estadísticas'),
(17,'Inmunidad','Evita que el Pokémon sea envenenado.','Escudo celular invisible','Denegación sorda',0,'Uno mismo','Defensivo'),
(18,'Velo Arena','Sube evasión en tormentas de arena.','Silueta borrosa por polvo','Viento arenoso',0,'Uno mismo','Evasión'),
(19,'Presión','El rival gasta el doble de PP al atacar.','Aura opresiva oscura','Eco pesado',0,'Oponente','PP'),
(20,'Superguarda','Solo recibe daño de súper efectivos.','Escudo místico brillante','Frecuencia mágica',1,'Uno mismo','Defensivo'),
(21,'Hedor','Aleja a Pokémon salvajes y puede hacer retroceder.','Aura pestilente','Sonido viscoso',0,'Oponente','Especial'),
(22,'Llovizna','Invoca la lluvia al entrar en combate.','Nubes oscuras','Trueno lejano',0,'Otros','Clima'),
(23,'Impulso','Sube la Velocidad al final de cada turno.','Estela de viento','Zumbido rápido',0,'Uno mismo','Estadísticas'),
(24,'Armadura Batalla','Bloquea los golpes críticos del rival.','Escudo metálico','Choque de metal',0,'Uno mismo','Defensivo'),
(25,'Robustez','Inmunidad a ataques de KO en un golpe.','Brillo grisáceo','Golpe de piedra',0,'Uno mismo','Defensivo'),
(26,'Humedad','Evita que se usen ataques explosivos.','Bruma húmeda','Goteo de agua',0,'Otros','Campo'),
(27,'Flexibilidad','Inmunidad a la parálisis.','Movimiento fluido','Cuerda elástica',0,'Uno mismo','Defensivo'),
(28,'Velo Agua','Inmunidad a las quemaduras.','Capa de agua','Chapoteo',0,'Uno mismo','Defensivo'),
(29,'Sebo','Reduce a la mitad el daño de Fuego y Hielo.','Capa de grasa','Rebote sordo',0,'Uno mismo','Defensivo'),
(30,'Madrugar','Despierta el doble de rápido del sueño.','Ojos muy abiertos','Gallo cantando',0,'Uno mismo','Estado'),
(31,'Insomnio','Inmunidad total al sueño.','Parpadeo constante','Tic nervioso',0,'Uno mismo','Defensivo'),
(32,'Cambio Color','Cambia al tipo del último ataque recibido.','Destello arcoíris','Tintineo',0,'Uno mismo','Especial'),
(33,'Recogida','Puede recoger objetos tras el combate.','Brillo en el suelo','Sonido de moneda',0,'Uno mismo','Utilidad'),
(34,'Fuga','Permite huir siempre de Pokémon salvajes.','Nube de polvo','Pasos rápidos',0,'Uno mismo','Utilidad'),
(35,'Polvo Escudo','Bloquea efectos secundarios de los ataques.','Polvo brillante','Viento suave',0,'Uno mismo','Defensivo'),
(36,'Ritmo Propio','Inmunidad a la confusión.','Caminar relajado','Melodía alegre',0,'Uno mismo','Defensivo'),
(37,'Cuerpo Puro','Evita que el rival baje las estadísticas.','Aura transparente','Campana de cristal',0,'Uno mismo','Defensivo'),
(38,'Rastro','Copia la habilidad del oponente al entrar.','Onda de escaneo','Pulsación radar',0,'Oponente','Especial'),
(39,'Potencia','Duplica la estadística de Ataque del Pokémon.','Músculos tensos','Gruñido fuerte',0,'Uno mismo','Estadísticas'),
(40,'Energía Pura','Duplica la estadística de Ataque del Pokémon.','Aura de meditación','Zumbido mental',0,'Uno mismo','Estadísticas'),
(41,'Punto Tóxico','Puede envenenar al mínimo contacto físico.','Púas moradas','Burbujas tóxicas',0,'Oponente','Estado'),
(42,'Escudo Magma','Inmunidad a la congelación y eclosiona huevos.','Calor irradiando','Lava hirviendo',0,'Uno mismo','Defensivo'),
(43,'Mudar','Probabilidad de curar problemas de estado.','Piel desprendida','Roce de escamas',0,'Uno mismo','Curación'),
(44,'Ojo Compuesto','Aumenta la Precisión de los movimientos.','Ojos facetados','Zumbido óptico',0,'Uno mismo','Estadísticas'),
(45,'Escama Especial','Sube la Defensa si sufre un problema de estado.','Escamas brillantes','Resplandor cristal',0,'Uno mismo','Estadísticas'),
(46,'Lodo Líquido','Daña a quien intente robarle PS.','Lodo goteando','Salpicadura tóxica',0,'Oponente','Daño'),
(47,'Sequía','Invoca sol intenso al entrar en combate.','Rayo de sol','Viento árido',0,'Otros','Clima'),
(48,'Trampa Arena','Evita que el rival huya o sea cambiado.','Arena movediza','Tierra deslizándose',0,'Oponente','Campo'),
(49,'Espíritu Vital','Inmunidad al sueño. Atrae niveles altos.','Aura energética','Latido acelerado',0,'Uno mismo','Defensivo'),
(50,'Humo Blanco','Evita que bajen las estadísticas del usuario.','Nube blanca','Silbido de vapor',0,'Uno mismo','Defensivo'),
(51,'Corte Fuerte','Evita que el rival baje el Ataque.','Pinzas afiladas','Chasquido metálico',0,'Uno mismo','Defensivo'),
(52,'Rivalidad','Aumenta el daño si el rival es del mismo sexo.','Mirada competitiva','Gruñido hostil',0,'Oponente','Potenciador'),
(53,'Indefenso','Todos los ataques propios y rivales aciertan.','Postura abierta','Sonido de impacto',0,'Otros','Precisión'),
(54,'Muro Mágico','Solo recibe daño por ataques directos.','Barrera invisible','Rebote mágico',0,'Uno mismo','Defensivo'),
(55,'Experto','Potencia los ataques de potencia 60 o menos.','Movimiento preciso','Corte limpio',0,'Uno mismo','Potenciador'),
(56,'Gélido','Recupera PS gradualmente si graniza.','Cuerpo escarchado','Crujido de hielo',0,'Uno mismo','Curación'),
(57,'Roca Sólida','Reduce el daño de ataques súper efectivos.','Piel rocosa','Impacto sordo',0,'Uno mismo','Defensivo'),
(58,'Alerta','Avisa si el rival tiene ataques peligrosos.','Estremecimiento','Campanada suave',0,'Oponente','Especial'),
(59,'Cacheo','Identifica el objeto que lleva el rival.','Mirada escrutadora','Tintineo de objeto',0,'Oponente','Utilidad'),
(60,'Audaz','Potencia los movimientos que causan daño de rebote.','Carga temeraria','Grito salvaje',0,'Uno mismo','Potenciador'),
(61,'Adaptable','Aumenta el bonus de daño por mismo tipo.','Aura de su tipo','Resonancia de tipo',0,'Uno mismo','Potenciador'),
(62,'Francotirador','Aumenta el daño de los golpes críticos.','Punto de mira','Disparo certero',0,'Uno mismo','Potenciador'),
(63,'Piel Tosca','Daña al rival si hay contacto físico.','Piel espinosa','Roce áspero',0,'Oponente','Daño'),
(64,'Más','Sube At. Esp. si hay un aliado con Menos.','Símbolo más','Chispa eléctrica',0,'Uno mismo','Estadísticas'),
(65,'Menos','Sube At. Esp. si hay un aliado con Más.','Símbolo menos','Chispa eléctrica',0,'Uno mismo','Estadísticas'),
(66,'Predicción','Cambia de forma según el clima.','Nube sobre la cabeza','Viento cambiante',1,'Uno mismo','Especial'),
(67,'Rezagado','Hace que el Pokémon ataque siempre el último.','Movimiento pesado','Bostezo',0,'Uno mismo','Especial'),
(68,'Ausente','El Pokémon holgazanea uno de cada dos turnos.','Tumbarse a dormir','Ronquido',0,'Uno mismo','Especial'),
(69,'Inicio Lento','Baja Ataque y Velocidad los primeros turnos.','Caminar arrastrado','Mecanismo oxidado',0,'Uno mismo','Estadísticas'),
(70,'Descarga','Sube Ataque o At. Esp. según la defensa rival.','Análisis láser','Bip informático',0,'Uno mismo','Estadísticas'),
(71,'Mal Sueño','Roba PS a los rivales que estén dormidos.','Sombra acechante','Risa tétrica',1,'Oponente','Daño'),
(72,'Elec. Estática','Puede paralizar al mínimo contacto.','Chispas amarillas','Chisporroteo',0,'Oponente','Estado'),
(73,'Absorbe Elec.','Cura PS al recibir ataques Eléctricos.','Antena brillante','Zumbido eléctrico',0,'Uno mismo','Curación'),
(74,'Bucle Aire','Anula los efectos de los climas.','Atmósfera quieta','Silencio temporal',1,'Otros','Clima'),
(75,'Rompemoldes','Ignora las habilidades defensivas del rival.','Golpe contundente','Cristal roto',0,'Oponente','Especial');
/*!40000 ALTER TABLE `habilidades` ENABLE KEYS */;
UNLOCK TABLES;

--
-- Table structure for table `movimientos`
--

DROP TABLE IF EXISTS `movimientos`;
/*!40101 SET @saved_cs_client     = @@character_set_client */;
/*!40101 SET character_set_client = utf8mb4 */;
CREATE TABLE `movimientos` (
  `id` int(10) unsigned NOT NULL AUTO_INCREMENT,
  `nombre` varchar(20) NOT NULL,
  `tipo` enum('Acero','Agua','Bicho','Dragón','Eléctrico','Fantasma','Fuego','Hada','Hielo','Lucha','Normal','Planta','Psíquico','Roca','Siniestro','Tierra','Veneno','Volador') DEFAULT NULL,
  `clase` enum('Físico','Especial','Estado') DEFAULT NULL,
  `potencia` int(10) unsigned DEFAULT NULL,
  `acierto` int(10) unsigned DEFAULT NULL,
  `pp` int(10) unsigned NOT NULL,
  `efecto` varchar(500) DEFAULT NULL,
  PRIMARY KEY (`id`),
  UNIQUE KEY `nombre` (`nombre`)
) ENGINE=InnoDB AUTO_INCREMENT=177 DEFAULT CHARSET=utf8mb4 COLLATE=utf8mb4_uca1400_ai_ci;
/*!40101 SET character_set_client = @saved_cs_client */;

--
-- Dumping data for table `movimientos`
--

LOCK TABLES `movimientos` WRITE;
/*!40000 ALTER TABLE `movimientos` DISABLE KEYS */;
INSERT INTO `movimientos` VALUES
(1,'Placaje','Normal','Físico',40,100,35,'Embiste con todo el cuerpo.'),
(2,'Ataque Rápido','Normal','Físico',40,100,30,'Ataque que siempre golpea primero.'),
(3,'Danza Espada','Normal','Estado',0,100,20,'Un baile que sube mucho el Ataque del usuario.'),
(4,'Látigo Cepa','Planta','Físico',45,100,25,'Golpea con látigos finos y duros.'),
(5,'Drenadoras','Planta','Estado',0,90,10,'Planta una semilla que roba PS en cada turno.'),
(6,'Ascuas','Fuego','Especial',40,100,25,'Lanza pequeñas llamas. Puede quemar al rival.'),
(7,'Lanzallamas','Fuego','Especial',90,100,15,'Potente chorro de fuego. Puede causar quemaduras.'),
(8,'Pistola Agua','Agua','Especial',40,100,25,'Ataca escupiendo un fuerte chorro de agua.'),
(9,'Surf','Agua','Especial',90,100,15,'Crea una ola gigante que daña a todos los presentes.'),
(10,'Rayo','Eléctrico','Especial',90,100,15,'Fuerte ataque eléctrico. Puede paralizar.'),
(11,'Onda Trueno','Eléctrico','Estado',0,90,20,'Paraliza al rival con una débil descarga eléctrica.'),
(12,'Terremoto','Tierra','Físico',100,100,10,'Un sismo enorme que afecta a todos los del combate.'),
(13,'Bola Sombra','Fantasma','Especial',80,100,15,'Lanza una bola oscura que puede bajar la Def. Esp.'),
(14,'Sombra Vil','Fantasma','Físico',40,100,30,'Su sombra ataca por la espalda. Golpea primero.'),
(15,'Tóxico','Veneno','Estado',0,90,10,'Envenena gravemente al objetivo. El daño empeora.'),
(16,'Psíquico','Psíquico','Especial',90,100,10,'Fuerte ataque mental. Puede bajar la Def. Esp.'),
(17,'Tajo Umbrío','Siniestro','Físico',70,100,15,'Suele asestar un golpe crítico con gran facilidad.'),
(18,'Rayo Hielo','Hielo','Especial',90,100,10,'Ataca con un rayo helado. Puede llegar a congelar.'),
(19,'Avalancha','Roca','Físico',75,90,10,'Lanza grandes rocas que pueden hacer retroceder.'),
(20,'Protección','Normal','Estado',0,100,10,'Frena cualquier ataque. Puede fallar si se repite.'),
(21,'Cola Férrea','Acero','Físico',100,75,15,'Golpea con una cola dura. Puede bajar la Defensa.'),
(22,'Foco Resplandor','Acero','Especial',80,100,10,'Concentra luz y la lanza. Puede bajar Def. Esp.'),
(23,'Hidrobomba','Agua','Especial',110,80,5,'Lanza un chorro de agua a muchísima presión.'),
(24,'Cascada','Agua','Físico',80,100,15,'Embiste como una cascada. Puede hacer retroceder.'),
(25,'Tijera X','Bicho','Físico',80,100,15,'Cruza guadañas o garras para atacar.'),
(26,'Zumbido','Bicho','Especial',90,100,10,'Ondas sonoras que pueden bajar la Def. Esp.'),
(27,'Garra Dragón','Dragón','Físico',80,100,15,'Ataca al rival con garras afiladas.'),
(28,'Danza Dragón','Dragón','Estado',0,100,20,'Danza mística que sube el Ataque y la Velocidad.'),
(29,'Trueno','Eléctrico','Especial',110,70,10,'Cae un rayo enorme. Nunca falla si llueve.'),
(30,'Puño Trueno','Eléctrico','Físico',75,100,15,'Puñetazo eléctrico que puede paralizar.'),
(31,'Llamarada','Fuego','Especial',110,85,5,'Llama inmensa que calcina y puede quemar.'),
(32,'Fuego Fatuo','Fuego','Estado',0,85,15,'Llama siniestra que siempre quema al rival.'),
(33,'Puño Hielo','Hielo','Físico',75,100,15,'Puñetazo helado que puede llegar a congelar.'),
(34,'Ventisca','Hielo','Especial',110,70,5,'Tormenta de hielo. Nunca falla si graniza.'),
(35,'A Bocajarro','Lucha','Físico',120,100,5,'Gran golpe que baja la Defensa y Def. Esp. propias.'),
(36,'Esfera Aural','Lucha','Especial',80,100,20,'Onda de aura que nunca falla su objetivo.'),
(37,'Hiperrayo','Normal','Especial',150,90,5,'Ataque devastador, pero obliga a descansar un turno.'),
(38,'Recuperación','Normal','Estado',0,100,10,'Restaura hasta la mitad de los PS máximos.'),
(39,'Hoja Aguda','Planta','Físico',90,100,15,'Corte con una hoja. Alta probabilidad de crítico.'),
(40,'Rayo Solar','Planta','Especial',120,100,10,'Carga luz un turno y ataca al siguiente.'),
(41,'Cabezazo Zen','Psíquico','Físico',80,90,15,'Cabezazo mental que puede hacer retroceder.'),
(42,'Paz Mental','Psíquico','Estado',0,100,20,'Medita para subir el At. Esp. y la Def. Esp.'),
(43,'Roca Afilada','Roca','Físico',100,80,5,'Clava rocas desde abajo. Suele ser golpe crítico.'),
(44,'Trampa Rocas','Roca','Estado',0,100,20,'Lanza rocas que dañan a los rivales al entrar.'),
(45,'Triturar','Siniestro','Físico',80,100,15,'Muerde con colmillos. Puede bajar la Defensa.'),
(46,'Pulso Umbrío','Siniestro','Especial',80,100,15,'Onda oscura que puede hacer retroceder al rival.'),
(47,'Excavar','Tierra','Físico',80,100,10,'Cava en el primer turno y ataca en el segundo.'),
(48,'Tierra Viva','Tierra','Especial',90,100,10,'El suelo estalla bajo el rival. Puede bajar Def. Esp.'),
(49,'Bomba Lodo','Veneno','Especial',90,100,10,'Lanza lodo tóxico que puede envenenar.'),
(50,'Golpe Aéreo','Volador','Físico',60,100,20,'Ataque muy rápido que nunca falla.'),
(51,'Respiro','Volador','Estado',0,100,10,'Aterriza para curar hasta la mitad de los PS máximos.'),
(52,'Brillo Mágico','Hada','Especial',80,100,10,'Emite una luz cegadora que daña a los rivales.'),
(53,'Encanto','Hada','Estado',0,100,20,'Mirada tierna que baja mucho el Ataque del rival.'),
(54,'Golpe Cuerpo','Normal','Físico',85,100,15,'Puede paralizar al objetivo.'),
(55,'Cuchillada','Normal','Físico',70,100,20,'Suele ser un golpe crítico.'),
(56,'Retroceso','Normal','Físico',0,100,20,'Más potente cuanto más te quiera el Pokémon.'),
(57,'Sorpresa','Normal','Físico',40,100,10,'Golpea primero y hace retroceder. Solo 1er turno.'),
(58,'Meteoros','Normal','Especial',60,100,20,'Lanza rayos en forma de estrella que nunca fallan.'),
(59,'Velocidad Extrema','Normal','Físico',80,100,5,'Ataque fulminante que siempre golpea primero.'),
(60,'Día Soleado','Fuego','Estado',0,100,5,'Aumenta el poder de los ataques de Fuego 5 turnos.'),
(61,'Envite Ígneo','Fuego','Físico',120,100,15,'Un ataque brutal que también hiere al usuario.'),
(62,'Giro Fuego','Fuego','Especial',35,85,15,'Atrapa al rival en un torbellino de fuego.'),
(63,'Rueda Fuego','Fuego','Físico',60,100,25,'El usuario carga envuelto en llamas.'),
(64,'Acua Jet','Agua','Físico',40,100,20,'Ataque muy rápido que siempre golpea primero.'),
(65,'Danza Lluvia','Agua','Estado',0,100,5,'Genera una fuerte lluvia durante 5 turnos.'),
(66,'Rayo Burbuja','Agua','Especial',65,100,20,'Lanza burbujas que pueden bajar la Velocidad.'),
(67,'Buceo','Agua','Físico',80,100,10,'Bucea en el 1er turno y golpea en el 2do.'),
(68,'Gigadrenado','Planta','Especial',75,100,10,'Roba la mitad del daño causado en PS.'),
(69,'Lluevehojas','Planta','Especial',130,90,5,'Ataque brutal que baja mucho el At. Esp. propio.'),
(70,'Somnífero','Planta','Estado',0,75,15,'Esparce un polvo que duerme al objetivo.'),
(71,'Síntesis','Planta','Estado',0,100,5,'Restaura PS según el clima que haga.'),
(72,'Chispazo','Eléctrico','Especial',80,100,15,'Golpea a todos. Alta probabilidad de paralizar.'),
(73,'Impactrueno','Eléctrico','Especial',40,100,30,'Pequeña descarga que puede paralizar.'),
(74,'Onda Voltio','Eléctrico','Especial',60,100,20,'Onda eléctrica veloz que nunca falla.'),
(75,'Canto Helado','Hielo','Físico',40,100,30,'Lanza trozos de hielo. Siempre ataca primero.'),
(76,'Granizo','Hielo','Estado',0,100,10,'Provoca una tormenta de granizo de 5 turnos.'),
(77,'Colmillo Hielo','Hielo','Físico',65,95,15,'Puede congelar o hacer retroceder al rival.'),
(78,'Alud','Hielo','Físico',60,100,10,'Su potencia se duplica si recibe daño antes.'),
(79,'Corpulencia','Lucha','Estado',0,100,20,'Tensa los músculos para subir Ataque y Defensa.'),
(80,'Mov. Sísmico','Lucha','Físico',0,100,20,'Causa daño igual al nivel del usuario.'),
(81,'Puño Dinámico','Lucha','Físico',100,50,5,'Si acierta, siempre confunde al rival.'),
(82,'Ultrapuño','Lucha','Físico',40,100,30,'Puñetazo rapidísimo que siempre golpea primero.'),
(83,'Puya Nociva','Veneno','Físico',80,100,20,'Pincha con un tentáculo venenoso. Puede envenenar.'),
(84,'Púas Tóxicas','Veneno','Estado',0,100,20,'Lanza púas que envenenan a los rivales al entrar.'),
(85,'Colmillo Ven.','Veneno','Físico',50,100,15,'Mordisco que puede envenenar gravemente.'),
(86,'Ácido','Veneno','Especial',40,100,30,'Lanza un líquido corrosivo que baja la Def. Esp.'),
(87,'Bofetón Lodo','Tierra','Especial',20,100,10,'Lanza barro a la cara y baja la Precisión.'),
(88,'Púas','Tierra','Estado',0,100,20,'Lanza púas que dañan al rival si es cambiado.'),
(89,'Magnitud','Tierra','Físico',0,100,30,'Terremoto de intensidad aleatoria.'),
(90,'Bucle Arena','Tierra','Físico',35,85,15,'Atrapa al rival en un remolino de arena.'),
(91,'Vuelo','Volador','Físico',90,95,15,'Vuela en el primer turno y cae en el segundo.'),
(92,'Pájaro Osado','Volador','Físico',120,100,15,'Ataque arriesgado que daña al usuario.'),
(93,'Tajo Aéreo','Volador','Especial',75,95,15,'Ondas de aire que pueden hacer retroceder.'),
(94,'Picotazo','Volador','Físico',35,100,35,'Ataca con un pico o cuerno.'),
(95,'Confusión','Psíquico','Especial',50,100,25,'Ataque mental débil que puede confundir.'),
(96,'Premonición','Psíquico','Especial',120,100,10,'Un ataque mental que golpea dos turnos después.'),
(97,'Reflejo','Psíquico','Estado',0,100,20,'Sube la Defensa del equipo 5 turnos.'),
(98,'Pantalla Luz','Psíquico','Estado',0,100,30,'Sube la Defensa Especial del equipo 5 turnos.'),
(99,'Ida y Vuelta','Bicho','Físico',70,100,20,'Ataca y vuelve rápido a la Poké Ball.'),
(100,'Megacuerno','Bicho','Físico',120,85,10,'Embestida brutal con cuernos duros.'),
(101,'Viento Plata','Bicho','Especial',60,100,5,'Polvo plateado que puede subir las estadísticas.'),
(102,'Chupavidas','Bicho','Físico',20,100,15,'Roba la mitad del daño causado en PS.'),
(103,'Tumba Rocas','Roca','Físico',39,95,15,'Lanza rocas que bajan la Velocidad.'),
(104,'Tormenta Arena','Roca','Estado',0,100,10,'Levanta una tormenta de arena de 5 turnos.'),
(105,'Poder Pasado','Roca','Especial',60,100,5,'Poder místico que puede subir las estadísticas.'),
(106,'Pedrada','Roca','Físico',25,90,10,'Arroja rocas de 2 a 5 veces seguidas.'),
(107,'Rayo Confuso','Fantasma','Estado',0,100,10,'Una luz siniestra que confunde al objetivo.'),
(108,'Puño Sombra','Fantasma','Físico',60,100,15,'Golpea desde las sombras. Nunca falla.'),
(109,'Maldición','Fantasma','Estado',0,100,10,'A costa de PS, el rival pierde PS cada turno.'),
(110,'Mismo Destino','Fantasma','Estado',0,100,5,'Si el usuario cae debilitado, el rival también.'),
(111,'Cometa Draco','Dragón','Especial',130,90,5,'Cae un cometa. Baja mucho el At. Esp. propio.'),
(112,'Pulso Dragón','Dragón','Especial',90,100,10,'Libera una potente onda de choque desde la boca.'),
(113,'Enfado','Dragón','Físico',120,100,10,'Ataca durante 2 o 3 turnos y luego se confunde.'),
(114,'Ciclón','Dragón','Especial',40,100,20,'Genera un tornado que daña a los oponentes.'),
(115,'Mordisco','Siniestro','Físico',60,100,25,'Un fiero mordisco que puede hacer retroceder.'),
(116,'Finta','Siniestro','Físico',60,100,20,'Finge llorar para despistar y golpear sin fallar.'),
(117,'Golpe Bajo','Siniestro','Físico',80,100,5,'Golpea primero si el rival iba a atacar.'),
(118,'Maquinación','Siniestro','Estado',0,100,20,'Piensa en cosas malas para subir mucho el At. Esp.'),
(119,'Garra Metal','Acero','Físico',50,95,35,'Corte con garras de acero. Puede subir Ataque.'),
(120,'Ala de Acero','Acero','Físico',70,90,25,'Golpea con alas rígidas. Puede subir Defensa.'),
(121,'Puño Meteoro','Acero','Físico',90,85,10,'Un puñetazo meteórico. Puede subir el Ataque.'),
(122,'Defensa Férrea','Acero','Estado',0,100,15,'Endurece el cuerpo para subir mucho la Defensa.'),
(123,'Beso Dulce','Hada','Estado',0,75,10,'Un beso angelical que confunde al objetivo.'),
(124,'Luz Lunar','Hada','Estado',0,100,5,'Restaura PS dependiendo del clima que haga.'),
(125,'Corte','Normal','Físico',50,95,30,'Corta con garras o cuchillas.'),
(126,'Fuerza','Normal','Físico',80,100,15,'Acumula poder y golpea con gran fuerza.'),
(127,'Arañazo','Normal','Físico',40,100,35,'Araña al rival con garras afiladas.'),
(128,'Gruñido','Normal','Estado',0,100,40,'Gruñe de forma tierna para bajar el Ataque.'),
(129,'Doble Equipo','Normal','Estado',0,100,15,'Crea ilusiones para subir mucho la Evasión.'),
(130,'Falsotortazo','Normal','Físico',40,100,40,'Ataca pero siempre deja al rival con al menos 1 PS.'),
(131,'Canto','Normal','Estado',0,55,15,'Una dulce melodía que duerme al oponente.'),
(132,'Destello','Normal','Estado',0,100,20,'Un fogonazo de luz que baja la Precisión.'),
(133,'Puño Fuego','Fuego','Físico',75,100,15,'Un puñetazo ardiente. Puede quemar.'),
(134,'Colmillo Fuego','Fuego','Físico',65,95,15,'Mordisco en llamas. Puede quemar o retroceder.'),
(135,'Estallido','Fuego','Especial',150,100,5,'Más potente cuantos más PS tenga el usuario.'),
(136,'Hidropulso','Agua','Especial',60,100,20,'Onda ultrasónica que puede confundir.'),
(137,'Burbuja','Agua','Especial',40,100,30,'Lanza burbujas. Puede bajar la Velocidad.'),
(138,'Acua Cola','Agua','Físico',90,90,10,'Golpea balanceando la cola como una ola.'),
(139,'Hoja Mágica','Planta','Especial',60,100,20,'Lanza hojas que persiguen al rival. Nunca falla.'),
(140,'Danza Pétalo','Planta','Especial',120,100,10,'Baila y ataca 2-3 turnos, luego se confunde.'),
(141,'Energibola','Planta','Especial',90,100,10,'Bola de energía natural. Puede bajar Def. Esp.'),
(142,'Chispa','Eléctrico','Físico',65,100,20,'Carga eléctrica que puede paralizar.'),
(143,'Colmillo Rayo','Eléctrico','Físico',65,95,15,'Mordisco eléctrico. Puede paralizar o retroceder.'),
(144,'Electrocañón','Eléctrico','Especial',120,50,5,'Ataque muy poco preciso pero siempre paraliza.'),
(145,'Nieve Polvo','Hielo','Especial',40,100,25,'Ráfaga de nieve que puede llegar a congelar.'),
(146,'Viento Hielo','Hielo','Especial',55,95,15,'Viento helado que siempre baja la Velocidad.'),
(147,'Frío Polar','Hielo','Especial',0,30,5,'Ataque de KO en un golpe. Falla muy a menudo.'),
(148,'Golpe Kárate','Lucha','Físico',50,100,25,'Golpe seco. Suele asestar un golpe crítico.'),
(149,'Onda Certera','Lucha','Especial',120,70,5,'Onda de energía pura. Puede bajar Def. Esp.'),
(150,'Fuerza Bruta','Lucha','Físico',120,100,5,'Ataque brutal. Baja Ataque y Defensa propios.'),
(151,'Picotazo Ven.','Veneno','Físico',15,100,35,'Picotazo rápido. Puede envenenar.'),
(152,'Gas Venenoso','Veneno','Estado',0,90,40,'Envuelve al rival en un gas que lo envenena.'),
(153,'Lanza Mugre','Veneno','Físico',120,80,5,'Lanza basura tóxica. Puede envenenar.'),
(154,'Ataque Arena','Tierra','Estado',0,100,15,'Arroja arena a los ojos para bajar la Precisión.'),
(155,'Huesomerang','Tierra','Físico',50,90,10,'Lanza un hueso que golpea al ir y al volver.'),
(156,'Fisura','Tierra','Físico',0,30,5,'Ataque de KO en un golpe que abre la tierra.'),
(157,'Ataque Ala','Volador','Físico',60,100,35,'Golpea al rival esparciendo sus alas enormes.'),
(158,'Pico Taladro','Volador','Físico',80,100,20,'Gira el pico como un taladro y embiste.'),
(159,'Bote','Volador','Físico',85,85,5,'Salta en el 1er turno y cae en el 2do. Paraliza.'),
(160,'Hipnosis','Psíquico','Estado',0,60,20,'Mirada hipnótica que sume al rival en un sueño.'),
(161,'Come Sueños','Psíquico','Especial',100,100,15,'Solo funciona si el rival duerme. Roba PS.'),
(162,'Psico-corte','Psíquico','Físico',70,100,20,'Lanza cuchillas de energía. Alta prob. de crítico.'),
(163,'Pin Misil','Bicho','Físico',25,95,20,'Lanza pinchos afilados de 2 a 5 veces.'),
(164,'Doble Rayo','Bicho','Especial',75,100,15,'Doble rayo de energía que puede confundir.'),
(165,'Lanza Rocas','Roca','Físico',50,90,15,'Tira una pequeña roca para causar daño.'),
(166,'Desenrollar','Roca','Físico',30,90,20,'Ataca 5 turnos seguidos, aumentando potencia.'),
(167,'Tinieblas','Fantasma','Especial',0,100,15,'Causa daño igual al nivel del usuario.'),
(168,'Lengüetazo','Fantasma','Físico',30,100,30,'Lame con una lengua muy larga. Puede paralizar.'),
(169,'Garra Umbría','Fantasma','Físico',70,100,15,'Ataca con garras. Alta probabilidad de crítico.'),
(170,'Furia Dragón','Dragón','Especial',0,100,10,'Ataque de ira pura. Siempre quita exactamente 40 PS.'),
(171,'Carga Dragón','Dragón','Físico',100,75,10,'Se lanza con todo el cuerpo. Puede retroceder.'),
(172,'Persecución','Siniestro','Físico',40,100,20,'Hace el doble de daño si el rival es cambiado.'),
(173,'Ladrón','Siniestro','Físico',60,100,25,'Ataca y puede robar el objeto del rival.'),
(174,'Desarme','Siniestro','Físico',65,100,20,'Despoja al rival de su objeto para que no lo use.'),
(175,'Cabeza de Hierro','Acero','Físico',80,100,15,'Cabezazo de metal duro. Puede hacer retroceder.'),
(176,'Giro Bola','Acero','Físico',0,100,5,'Más potente cuanto más lento sea el usuario.');
/*!40000 ALTER TABLE `movimientos` ENABLE KEYS */;
UNLOCK TABLES;

--
-- Table structure for table `pokemon`
--

DROP TABLE IF EXISTS `pokemon`;
/*!40101 SET @saved_cs_client     = @@character_set_client */;
/*!40101 SET character_set_client = utf8mb4 */;
CREATE TABLE `pokemon` (
  `id` int(10) unsigned NOT NULL AUTO_INCREMENT,
  `numero_pokedex` int(10) unsigned DEFAULT NULL,
  `nombre` varchar(20) NOT NULL,
  `primer_tipo` enum('Acero','Agua','Bicho','Dragón','Eléctrico','Fantasma','Fuego','Hada','Hielo','Lucha','Normal','Planta','Psíquico','Roca','Siniestro','Tierra','Veneno','Volador') NOT NULL,
  `segundo_tipo` enum('Acero','Agua','Bicho','Dragón','Eléctrico','Fantasma','Fuego','Hada','Hielo','Lucha','Normal','Planta','Psíquico','Roca','Siniestro','Tierra','Veneno','Volador') DEFAULT NULL,
  `generacion` enum('Primera','Segunda','Tercera','Cuarta') DEFAULT NULL,
  `tiene_evolucion` tinyint(1) DEFAULT NULL,
  `descripcion` varchar(500) DEFAULT NULL,
  `id_region` int(10) unsigned DEFAULT NULL,
  `id_evoluciona_de` int(10) unsigned DEFAULT NULL,
  `altura` double DEFAULT 0,
  `peso` double DEFAULT 0,
  `imagen` varchar(255) DEFAULT 'imagenes/default.gif',
  PRIMARY KEY (`id`),
  UNIQUE KEY `nombre` (`nombre`),
  UNIQUE KEY `numero_pokedex` (`numero_pokedex`),
  KEY `id_region` (`id_region`),
  KEY `id_evoluciona_de` (`id_evoluciona_de`),
  CONSTRAINT `1` FOREIGN KEY (`id_region`) REFERENCES `regiones` (`id`),
  CONSTRAINT `2` FOREIGN KEY (`id_evoluciona_de`) REFERENCES `pokemon` (`id`)
) ENGINE=InnoDB AUTO_INCREMENT=494 DEFAULT CHARSET=utf8mb4 COLLATE=utf8mb4_uca1400_ai_ci;
/*!40101 SET character_set_client = @saved_cs_client */;

--
-- Dumping data for table `pokemon`
--

LOCK TABLES `pokemon` WRITE;
/*!40000 ALTER TABLE `pokemon` DISABLE KEYS */;
INSERT INTO `pokemon` VALUES
(1,1,'Bulbasaur','Planta','Veneno','Primera',1,'Lleva la semilla de una planta en la espalda desde que nace.',1,NULL,0.7,6.9,'imagenes/default.gif'),
(2,2,'Ivysaur','Planta','Veneno','Primera',1,'La semilla de su lomo ha crecido hasta convertirse en un capullo.',1,1,1,13,'imagenes/default.gif'),
(3,3,'Venusaur','Planta','Veneno','Primera',0,'La flor de su lomo absorbe energía solar para disparar ataques.',1,2,2,100,'imagenes/default.gif'),
(4,4,'Charmander','Fuego',NULL,'Primera',1,'La llama de su cola indica su salud y estado de ánimo.',1,NULL,0.6,8.5,'imagenes/default.gif'),
(5,5,'Charmeleon','Fuego',NULL,'Primera',1,'Desgarra a sus enemigos sin piedad con garras muy afiladas.',1,4,0,0,'imagenes/default.gif'),
(6,6,'Charizard','Fuego','Volador','Primera',0,'Escupe un fuego tan caliente que es capaz de fundir rocas.',1,5,0,0,'imagenes/default.gif'),
(7,7,'Squirtle','Agua',NULL,'Primera',1,'Se protege con su caparazón duro y escupe agua a presión.',1,NULL,0.5,9,'imagenes/default.gif'),
(8,8,'Wartortle','Agua',NULL,'Primera',1,'Es muy popular como mascota por su larga y peluda cola.',1,7,0,0,'imagenes/default.gif'),
(9,9,'Blastoise','Agua',NULL,'Primera',0,'Sus cañones disparan chorros de agua capaces de perforar acero.',1,8,0,0,'imagenes/default.gif'),
(10,10,'Caterpie','Bicho',NULL,'Primera',1,'Desprende un hedor terrible por sus antenas para protegerse.',1,NULL,0,0,'imagenes/default.gif'),
(11,11,'Metapod','Bicho',NULL,'Primera',1,'Se protege con una coraza dura mientras espera evolucionar.',1,10,0,0,'imagenes/default.gif'),
(12,12,'Butterfree','Bicho','Volador','Primera',0,'Aletea a gran velocidad para esparcir polvillo tóxico.',1,11,0,0,'imagenes/default.gif'),
(16,16,'Pidgey','Normal','Volador','Primera',1,'Es muy dócil. Si le atacan, aletea para levantar arena y huir.',1,NULL,0,0,'imagenes/default.gif'),
(17,17,'Pidgeotto','Normal','Volador','Primera',1,'Tiene una vista increíble para localizar presas desde el cielo.',1,16,0,0,'imagenes/default.gif'),
(18,18,'Pidgeot','Normal','Volador','Primera',0,'Vuela a velocidad Mach 2. Sus plumas son muy hermosas.',1,17,0,0,'imagenes/default.gif'),
(25,25,'Pikachu','Eléctrico',NULL,'Primera',1,'Acumula electricidad en sus mejillas, que se cargan al dormir.',1,NULL,0.4,6,'imagenes/default.gif'),
(26,26,'Raichu','Eléctrico',NULL,'Primera',0,'Su cola actúa como toma de tierra frente a su propia energía.',1,25,0,0,'imagenes/default.gif'),
(29,29,'Nidoran Hembra','Veneno',NULL,'Primera',1,'Pequeño y dócil. Se protege con sus púas tóxicas si se siente amenazado.',1,NULL,0,0,'imagenes/default.gif'),
(30,30,'Nidorina','Veneno',NULL,'Primera',1,'Cuando están en grupo, retraen las púas para no herirse entre ellas.',1,29,0,0,'imagenes/default.gif'),
(31,31,'Nidoqueen','Veneno','Tierra','Primera',0,'Su cuerpo está cubierto de escamas durísimas que repelen cualquier ataque.',1,30,0,0,'imagenes/default.gif'),
(32,32,'Nidoran Macho','Veneno',NULL,'Primera',1,'Ataca con su cuerno envenenado. Es un Pokémon extremadamente territorial.',1,NULL,0,0,'imagenes/default.gif'),
(33,33,'Nidorino','Veneno',NULL,'Primera',1,'Se enfada muy rápido. Su cuerno es capaz de perforar diamantes.',1,32,0,0,'imagenes/default.gif'),
(34,34,'Nidoking','Veneno','Tierra','Primera',0,'Usa su gruesa y pesada cola para aplastar a sus enemigos sin piedad.',1,33,0,0,'imagenes/default.gif'),
(41,41,'Zubat','Veneno','Volador','Primera',1,'Carece de ojos. Usa ultrasonidos para detectar obstáculos.',1,NULL,0,0,'imagenes/default.gif'),
(42,42,'Golbat','Veneno','Volador','Primera',1,'Bebe la sangre de sus presas. Puede beber más de 300 ml.',1,41,0,0,'imagenes/default.gif'),
(63,63,'Abra','Psíquico',NULL,'Primera',1,'Duerme 18 horas al día. Usa teletransporte si percibe cualquier peligro.',1,NULL,0,0,'imagenes/default.gif'),
(64,64,'Kadabra','Psíquico',NULL,'Primera',1,'Emite ondas alfa magnéticas que causan dolor de cabeza a sus rivales.',1,63,0,0,'imagenes/default.gif'),
(65,65,'Alakazam','Psíquico',NULL,'Primera',0,'Su cerebro nunca deja de crecer y tiene un coeficiente intelectual infinito.',1,64,0,0,'imagenes/default.gif'),
(66,66,'Machop','Lucha',NULL,'Primera',1,'Le encanta hacer pesas. Entrena levantando Geodudes.',1,NULL,0,0,'imagenes/default.gif'),
(67,67,'Machoke','Lucha',NULL,'Primera',1,'Sus músculos son tan fuertes que usa un cinturón de fuerza.',1,66,0,0,'imagenes/default.gif'),
(68,68,'Machamp','Lucha',NULL,'Primera',0,'Sus cuatro brazos reaccionan más rápido de lo que puede pensar.',1,67,0,0,'imagenes/default.gif'),
(74,74,'Geodude','Roca','Tierra','Primera',1,'Vive en senderos de montaña. A veces la gente tropieza con él por error.',1,NULL,0,0,'imagenes/default.gif'),
(75,75,'Graveler','Roca','Tierra','Primera',1,'Rueda por las laderas de las montañas escarpadas, aplastándolo todo.',1,74,0,0,'imagenes/default.gif'),
(76,76,'Golem','Roca','Tierra','Primera',0,'Su cuerpo es duro como la piedra. Soporta explosiones sin inmutarse.',1,75,0,0,'imagenes/default.gif'),
(92,92,'Gastly','Fantasma','Veneno','Primera',1,'Su cuerpo es gas. Puede derribar elefantes indios al envolverlos.',1,NULL,0,0,'imagenes/default.gif'),
(93,93,'Haunter','Fantasma','Veneno','Primera',1,'Lame con su lengua gaseosa para robar la energía vital del rival.',1,92,0,0,'imagenes/default.gif'),
(94,94,'Gengar','Fantasma','Veneno','Primera',0,'Se esconde en las sombras para absorber el calor de su entorno.',1,93,0,0,'imagenes/default.gif'),
(129,129,'Magikarp','Agua',NULL,'Primera',1,'Famoso por ser inútil. Solo sabe saltar y chapotear.',1,NULL,0,0,'imagenes/default.gif'),
(130,130,'Gyarados','Agua','Volador','Primera',0,'Una vez que aparece, su furia no se calma hasta destruirlo todo.',1,129,0,0,'imagenes/default.gif'),
(131,131,'Lapras','Agua','Hielo','Primera',0,'Entiende el lenguaje humano y navega con gente en su lomo pacíficamente.',1,NULL,0,0,'imagenes/default.gif'),
(132,132,'Ditto','Normal',NULL,'Primera',0,'Reorganiza su estructura celular para transformarse en cualquier cosa.',1,NULL,0,0,'imagenes/default.gif'),
(133,133,'Eevee','Normal',NULL,'Primera',1,'Su ADN es tan inestable que puede evolucionar de múltiples formas.',1,NULL,0,0,'imagenes/default.gif'),
(134,134,'Vaporeon','Agua',NULL,'Primera',0,'Sus células son tan parecidas al agua que puede fundirse en ella.',1,133,0,0,'imagenes/default.gif'),
(135,135,'Jolteon','Eléctrico',NULL,'Primera',0,'Acumula iones negativos en su pelaje para generar chispas.',1,133,0,0,'imagenes/default.gif'),
(136,136,'Flareon','Fuego',NULL,'Primera',0,'Almacena aire térmico en su interior. Llega a los 900 grados.',1,133,0,0,'imagenes/default.gif'),
(137,137,'Porygon','Normal',NULL,'Primera',1,'Pokémon hecho de código de programación. Puede entrar en el ciberespacio.',1,NULL,0,0,'imagenes/default.gif'),
(142,142,'Aerodactyl','Roca','Volador','Primera',0,'Fue restaurado a partir de ámbar antiguo. El rey de los cielos prehistóricos.',1,NULL,0,0,'imagenes/default.gif'),
(143,143,'Snorlax','Normal',NULL,'Primera',0,'No se sacia hasta comer 400 kg de comida al día. Luego, duerme.',1,NULL,0,0,'imagenes/default.gif'),
(144,144,'Articuno','Hielo','Volador','Primera',0,'Pájaro legendario que congela el agua del aire al volar.',1,NULL,0,0,'imagenes/default.gif'),
(145,145,'Zapdos','Eléctrico','Volador','Primera',0,'Pájaro legendario que vive en los nubarrones de tormenta.',1,NULL,0,0,'imagenes/default.gif'),
(146,146,'Moltres','Fuego','Volador','Primera',0,'Cada vez que aletea produce brillantes y hermosas llamas.',1,NULL,0,0,'imagenes/default.gif'),
(147,147,'Dratini','Dragón',NULL,'Primera',1,'Muda la piel continuamente porque la energía de su interior crece sin cesar.',1,NULL,0,0,'imagenes/default.gif'),
(148,148,'Dragonair','Dragón',NULL,'Primera',1,'Acumula un aura mística. Dicen que puede cambiar el clima si lo desea.',1,147,0,0,'imagenes/default.gif'),
(149,149,'Dragonite','Dragón','Volador','Primera',0,'Es capaz de dar la vuelta al mundo volando en solo 16 horas.',1,NULL,0,0,'imagenes/default.gif'),
(150,150,'Mewtwo','Psíquico',NULL,'Primera',0,'Fue creado por manipulación genética y tiene un corazón salvaje.',1,NULL,0,0,'imagenes/default.gif'),
(151,151,'Mew','Psíquico',NULL,'Primera',0,'Tiene el ADN de todos los Pokémon. Es tan raro que muchos creen que es un mito.',1,NULL,0,0,'imagenes/default.gif'),
(152,152,'Chikorita','Planta',NULL,'Segunda',1,'La hoja de su cabeza despide un aroma muy dulce que calma el ánimo.',2,NULL,0,0,'imagenes/default.gif'),
(153,153,'Bayleef','Planta',NULL,'Segunda',1,'El aroma que emana de su cuello tiene propiedades estimulantes.',2,152,0,0,'imagenes/default.gif'),
(154,154,'Meganium','Planta',NULL,'Segunda',0,'El olor de sus pétalos puede calmar los nervios de cualquiera.',2,153,0,0,'imagenes/default.gif'),
(155,155,'Cyndaquil','Fuego',NULL,'Segunda',1,'Es tímido. Cuando se asusta, enciende las llamas de su lomo.',2,NULL,0,0,'imagenes/default.gif'),
(156,156,'Quilava','Fuego',NULL,'Segunda',1,'Su pelaje es ignífugo. Da la espalda al enemigo antes de atacar.',2,155,0,0,'imagenes/default.gif'),
(157,157,'Typhlosion','Fuego',NULL,'Segunda',0,'Crea explosiones frotando el pelaje abrasador de su cuerpo.',2,156,0,0,'imagenes/default.gif'),
(158,158,'Totodile','Agua',NULL,'Segunda',1,'Tiene la costumbre de morder todo lo que se mueve ante sus ojos.',2,NULL,0,0,'imagenes/default.gif'),
(159,159,'Croconaw','Agua',NULL,'Segunda',1,'Si se le cae un colmillo, le vuelve a crecer otro al instante.',2,158,0,0,'imagenes/default.gif'),
(160,160,'Feraligatr','Agua',NULL,'Segunda',0,'Al morder, agita violentamente la cabeza para destrozar a su presa.',2,159,0,0,'imagenes/default.gif'),
(169,169,'Crobat','Veneno','Volador','Segunda',0,'Desarrolló un segundo par de alas para volar en silencio.',2,42,0,0,'imagenes/default.gif'),
(175,175,'Togepi','Hada',NULL,'Segunda',1,'El cascarón parece estar lleno de felicidad y alegría pura.',2,NULL,0,0,'imagenes/default.gif'),
(176,176,'Togetic','Hada','Volador','Segunda',1,'Aparece ante la gente de buen corazón para repartir felicidad.',2,175,0,0,'imagenes/default.gif'),
(179,179,'Mareep','Eléctrico',NULL,'Segunda',1,'Su lana crece continuamente. En verano se la esquilan entera.',2,NULL,0,0,'imagenes/default.gif'),
(180,180,'Flaaffy','Eléctrico',NULL,'Segunda',1,'Acumula tanta electricidad que su lana se ha quedado sin pelo.',2,179,0,0,'imagenes/default.gif'),
(181,181,'Ampharos','Eléctrico',NULL,'Segunda',0,'Su cola brilla intensamente, usándose como faro para los barcos.',2,180,0,0,'imagenes/default.gif'),
(196,196,'Espeon','Psíquico',NULL,'Segunda',0,'Su pelaje es tan sensible que percibe el flujo del aire para predecir el clima.',2,133,0,0,'imagenes/default.gif'),
(197,197,'Umbreon','Siniestro',NULL,'Segunda',0,'Evolucionó de Eevee por la exposición a las ondas lunares.',2,133,0,0,'imagenes/default.gif'),
(212,212,'Scizor','Bicho','Acero','Segunda',0,'Tiene un cuerpo duro como el acero y pinzas muy poderosas.',2,NULL,0,0,'imagenes/default.gif'),
(214,214,'Heracross','Bicho','Lucha','Segunda',0,'Su fuerza hercúlea le permite lanzar objetos de gran tamaño.',2,NULL,0,0,'imagenes/default.gif'),
(227,227,'Skarmory','Acero','Volador','Segunda',0,'Sus alas son huecas pero tienen la dureza de una espada.',2,NULL,0,0,'imagenes/default.gif'),
(228,228,'Houndour','Siniestro','Fuego','Segunda',1,'Se comunica con sus congéneres mediante aullidos de diferentes tonos.',2,NULL,0,0,'imagenes/default.gif'),
(229,229,'Houndoom','Siniestro','Fuego','Segunda',0,'Si te quemas con las llamas de su boca, el dolor no desaparecerá nunca.',2,228,0,0,'imagenes/default.gif'),
(233,233,'Porygon2','Normal',NULL,'Segunda',1,'Actualización del software de Porygon pensada para explorar el espacio.',2,137,0,0,'imagenes/default.gif'),
(243,243,'Raikou','Eléctrico',NULL,'Segunda',0,'Los nubarrones que lleva a la espalda le permiten lanzar rayos letales.',2,NULL,0,0,'imagenes/default.gif'),
(244,244,'Entei','Fuego',NULL,'Segunda',0,'Nace de la erupción de un volcán. Su rugido hace temblar la tierra.',2,NULL,0,0,'imagenes/default.gif'),
(245,245,'Suicune','Agua',NULL,'Segunda',0,'Corre por el mundo purificando aguas contaminadas con su presencia.',2,NULL,0,0,'imagenes/default.gif'),
(246,246,'Larvitar','Roca','Tierra','Segunda',1,'Nace bajo tierra. Debe comer grandes cantidades de tierra para poder crecer.',2,NULL,0,0,'imagenes/default.gif'),
(247,247,'Pupitar','Roca','Tierra','Segunda',1,'Su coraza es durísima. Se impulsa por el aire expulsando gas a gran presión.',2,246,0,0,'imagenes/default.gif'),
(248,248,'Tyranitar','Roca','Siniestro','Segunda',0,'Tiene una fuerza tremenda capaz de destruir montañas.',2,NULL,0,0,'imagenes/default.gif'),
(249,249,'Lugia','Psíquico','Volador','Segunda',0,'Duerme en la fosa oceánica más profunda para evitar huracanes.',2,NULL,0,0,'imagenes/default.gif'),
(250,250,'Ho-Oh','Fuego','Volador','Segunda',0,'Las plumas de su cuerpo brillan con siete colres diferentes.',2,NULL,0,0,'imagenes/default.gif'),
(251,251,'Celebi','Psíquico','Planta','Segunda',0,'Viaja por el tiempo. En los bosques donde aparece florecen las plantas.',2,NULL,0,0,'imagenes/default.gif'),
(252,252,'Treecko','Planta',NULL,'Tercera',1,'Tiene pequeños ganchos en las plantas de los pies para trepar.',3,NULL,0,0,'imagenes/default.gif'),
(253,253,'Grovyle','Planta',NULL,'Tercera',1,'Es un saltador excepcional en el interior de los bosques frondosos.',3,252,0,0,'imagenes/default.gif'),
(254,254,'Sceptile','Planta',NULL,'Tercera',0,'Las hojas de sus brazos cortan como espadas afiladas.',3,253,0,0,'imagenes/default.gif'),
(255,255,'Torchic','Fuego',NULL,'Tercera',1,'Tiene un saco de fuego en el vientre que le mantiene caliente.',3,NULL,0,0,'imagenes/default.gif'),
(256,256,'Combusken','Fuego','Lucha','Tercera',1,'Lanza diez patadas por segundo con un poder destructivo increíble.',3,255,0,0,'imagenes/default.gif'),
(257,257,'Blaziken','Fuego','Lucha','Tercera',0,'Puede saltar un edificio de 30 pisos de un solo brinco.',3,256,0,0,'imagenes/default.gif'),
(258,258,'Mudkip','Agua',NULL,'Tercera',1,'La aleta de su cabeza actúa como radar de alta sensibilidad.',3,NULL,0,0,'imagenes/default.gif'),
(259,259,'Marshtomp','Agua','Tierra','Tercera',1,'Puede caminar por el fango gracias a sus fuertes piernas.',3,258,0,0,'imagenes/default.gif'),
(260,260,'Swampert','Agua','Tierra','Tercera',0,'Puede arrastrar cantos rodados de más de una tonelada de peso.',3,259,0,0,'imagenes/default.gif'),
(270,270,'Lotad','Agua','Planta','Tercera',1,'Parece un nenúfar. Ayuda a cruzar estanques a los más pequeños.',3,NULL,0,0,'imagenes/default.gif'),
(271,271,'Lombre','Agua','Planta','Tercera',1,'Le encanta gastar bromas tirando del sedal de los pescadores.',3,270,0,0,'imagenes/default.gif'),
(272,272,'Ludicolo','Agua','Planta','Tercera',0,'Si escucha música alegre, sus músculos se llenan de energía.',3,271,0,0,'imagenes/default.gif'),
(280,280,'Ralts','Psíquico','Hada','Tercera',1,'Usa los cuernos de su cabeza para leer las emociones ajenas.',3,NULL,0,0,'imagenes/default.gif'),
(281,281,'Kirlia','Psíquico','Hada','Tercera',1,'Dicen que baila al amanecer si su entrenador está contento.',3,280,0,0,'imagenes/default.gif'),
(282,282,'Gardevoir','Psíquico','Hada','Tercera',0,'Arriesga su vida usando energía psíquica para proteger a su amo.',3,281,0,0,'imagenes/default.gif'),
(304,304,'Aron','Acero','Roca','Tercera',1,'Come hierro de las montañas para desarrollar su coraza de acero.',3,NULL,0,0,'imagenes/default.gif'),
(305,305,'Lairon','Acero','Roca','Tercera',1,'Chocan sus cuerpos blindados para mostrar quién es más fuerte.',3,304,0,0,'imagenes/default.gif'),
(306,306,'Aggron','Acero','Roca','Tercera',0,'Reclama montañas enteras como su territorio y las defiende.',3,305,0,0,'imagenes/default.gif'),
(328,328,'Trapinch','Tierra',NULL,'Tercera',1,'Hace nidos en forma de cono en el desierto para atrapar a sus presas.',3,NULL,0,0,'imagenes/default.gif'),
(329,329,'Vibrava','Tierra','Dragón','Tercera',1,'Sus alas vibran generando ondas ultrasónicas que causan dolor de cabeza.',3,328,0,0,'imagenes/default.gif'),
(330,330,'Flygon','Tierra','Dragón','Tercera',0,'Su aleteo suena como una dulce canción en medio del desierto.',3,NULL,0,0,'imagenes/default.gif'),
(349,349,'Feebas','Agua',NULL,'Tercera',1,'Es conocido por su aspecto feo. Se congrega en charcas algosas.',3,NULL,0,0,'imagenes/default.gif'),
(350,350,'Milotic','Agua',NULL,'Tercera',0,'Dicen que es el Pokémon más hermoso. Calma el odio del mundo.',3,349,0,0,'imagenes/default.gif'),
(371,371,'Bagon','Dragón',NULL,'Tercera',1,'Sueña de tal manera con volar que se lanza todos los días por los precipicios.',3,NULL,0,0,'imagenes/default.gif'),
(372,372,'Shelgon','Dragón',NULL,'Tercera',1,'Sus células están cambiando rápidamente dentro de su dura coraza protectora.',3,371,0,0,'imagenes/default.gif'),
(373,373,'Salamence','Dragón','Volador','Tercera',0,'Soñaba tanto con volar que su mutación celular le dio alas.',3,NULL,0,0,'imagenes/default.gif'),
(374,374,'Beldum','Acero','Psíquico','Tercera',1,'En vez de sangre, corre una poderosa fuerza magnética en él.',3,NULL,0,0,'imagenes/default.gif'),
(375,375,'Metang','Acero','Psíquico','Tercera',1,'Se forma al unirse dos Beldum. Su cerebro se duplica.',3,374,0,0,'imagenes/default.gif'),
(376,376,'Metagross','Acero','Psíquico','Tercera',0,'Sus cuatro cerebros unidos superan a una supercomputadora.',3,375,0,0,'imagenes/default.gif'),
(382,382,'Kyogre','Agua',NULL,'Tercera',0,'Expandió los mares cubriendo la tierra con lluvias torrenciales.',3,NULL,0,0,'imagenes/default.gif'),
(383,383,'Groudon','Tierra',NULL,'Tercera',0,'Expandió los continentes evaporando el agua con calor solar.',3,NULL,0,0,'imagenes/default.gif'),
(384,384,'Rayquaza','Dragón','Volador','Tercera',0,'Vive en la capa de ozono y se alimenta de meteoritos.',3,NULL,0,0,'imagenes/default.gif'),
(385,385,'Jirachi','Acero','Psíquico','Tercera',0,'Despierta cada mil años. Concede deseos si se escriben en sus etiquetas.',3,NULL,0,0,'imagenes/default.gif'),
(387,387,'Turtwig','Planta',NULL,'Cuarta',1,'La concha de su espalda está hecha de tierra húmeda.',4,NULL,0,0,'imagenes/default.gif'),
(388,388,'Grotle','Planta',NULL,'Cuarta',1,'Sabe muy bien dónde brota agua limpia y guía a otros Pokémon.',4,387,0,0,'imagenes/default.gif'),
(389,389,'Torterra','Planta','Tierra','Cuarta',0,'Algunos Pokémon pequeños viven en la espalda de Torterra.',4,388,0,0,'imagenes/default.gif'),
(390,390,'Chimchar','Fuego',NULL,'Cuarta',1,'El fuego de su cola es gas de su estómago que se enciende.',4,NULL,0,0,'imagenes/default.gif'),
(391,391,'Monferno','Fuego','Lucha','Cuarta',1,'Usa techos y paredes para saltar y atacar con su cola ardiente.',4,390,0,0,'imagenes/default.gif'),
(392,392,'Infernape','Fuego','Lucha','Cuarta',0,'Su corona de fuego demuestra su ardiente espíritu de lucha.',4,391,0,0,'imagenes/default.gif'),
(393,393,'Piplup','Agua',NULL,'Cuarta',1,'Es muy orgulloso. Odia aceptar comida de la gente.',4,NULL,0,0,'imagenes/default.gif'),
(394,394,'Prinplup','Agua',NULL,'Cuarta',1,'Sus alas le permiten bucear como si fuera un submarino.',4,393,0,0,'imagenes/default.gif'),
(395,395,'Empoleon','Agua','Acero','Cuarta',0,'Sus alas son tan afiladas que pueden partir un iceberg en dos.',4,394,0,0,'imagenes/default.gif'),
(396,396,'Starly','Normal','Volador','Cuarta',1,'Vuelan en grandes bandadas, aunque son bastante débiles si están solos.',4,NULL,0,0,'imagenes/default.gif'),
(397,397,'Staravia','Normal','Volador','Cuarta',1,'Son muy pendencieros. Luchan encarnizadamente con otras aves por el territorio.',4,396,0,0,'imagenes/default.gif'),
(398,398,'Staraptor','Normal','Volador','Cuarta',0,'Tiene una naturaleza salvaje y valiente. Ataca incluso a enemigos más grandes.',4,397,0,0,'imagenes/default.gif'),
(399,399,'Bidoof','Normal',NULL,'Cuarta',1,'Roen piedras y troncos para afilarse los dientes. Son extremadamente dóciles.',4,NULL,0,0,'imagenes/default.gif'),
(400,400,'Bibarel','Normal','Agua','Cuarta',0,'Hacen presas en los ríos juntando troncos y barro. Son muy trabajadores.',4,399,0,0,'imagenes/default.gif'),
(403,403,'Shinx','Eléctrico',NULL,'Cuarta',1,'Al percibir peligro, todo su pelaje brilla de forma cegadora.',4,NULL,0,0,'imagenes/default.gif'),
(404,404,'Luxio','Eléctrico',NULL,'Cuarta',1,'Se comunica con otros rozando sus garras electrificadas.',4,403,0,0,'imagenes/default.gif'),
(405,405,'Luxray','Eléctrico',NULL,'Cuarta',0,'Puede ver a través de las paredes gracias a sus ojos dorados.',4,404,0,0,'imagenes/default.gif'),
(441,441,'Chatot','Normal','Volador','Cuarta',0,'Puede imitar perfectamente el habla humana usando su lengua igual que nosotros.',4,NULL,0,0,'imagenes/default.gif'),
(442,442,'Spiritomb','Fantasma','Siniestro','Cuarta',0,'Formado por 108 espíritus. Está atado a una piedra mística por una maldición.',4,NULL,0,0,'imagenes/default.gif'),
(443,443,'Gible','Dragón','Tierra','Cuarta',1,'Se esconde en cuevas y ataca por sorpresa. A veces se hace daño.',4,NULL,0,0,'imagenes/default.gif'),
(444,444,'Gabite','Dragón','Tierra','Cuarta',1,'Sus escamas tienen propiedades curativas, son muy valiosas.',4,443,0,0,'imagenes/default.gif'),
(445,445,'Garchomp','Dragón','Tierra','Cuarta',0,'Vuela a velocidades supersónicas. Sus alas parecen reactores.',4,444,0,0,'imagenes/default.gif'),
(446,446,'Munchlax','Normal',NULL,'Cuarta',1,'Oculta comida de todo tipo bajo su pelo. Se lo traga todo sin ni siquiera masticar.',4,NULL,0,0,'imagenes/default.gif'),
(447,447,'Riolu','Lucha',NULL,'Cuarta',1,'Es capaz de ver el aura de la gente y de los demás Pokémon.',4,NULL,0,0,'imagenes/default.gif'),
(448,448,'Lucario','Lucha','Acero','Cuarta',0,'Puede percibir a todos los seres vivos a un kilómetro de distancia.',4,447,0,0,'imagenes/default.gif'),
(468,468,'Togekiss','Hada','Volador','Cuarta',0,'Nunca aparece donde hay conflictos. Reparte bendiciones.',4,176,0,0,'imagenes/default.gif'),
(470,470,'Leafeon','Planta',NULL,'Cuarta',0,'Realiza la fotosíntesis como si fuera una planta real.',4,133,0,0,'imagenes/default.gif'),
(471,471,'Glaceon','Hielo',NULL,'Cuarta',0,'Congela su pelaje para convertirlo en finas púas de hielo.',4,133,0,0,'imagenes/default.gif'),
(474,474,'Porygon-Z','Normal',NULL,'Cuarta',0,'Le instalaron un parche dudoso para mejorar su código y ahora actúa de manera errática.',4,233,0,0,'imagenes/default.gif'),
(483,483,'Dialga','Acero','Dragón','Cuarta',0,'Controla el flujo del tiempo. Nació en la mitología de Sinnoh.',4,NULL,0,0,'imagenes/default.gif'),
(484,484,'Palkia','Agua','Dragón','Cuarta',0,'Puede distorsionar el espacio. Vive en una dimensión paralela.',4,NULL,0,0,'imagenes/default.gif'),
(487,487,'Giratina','Fantasma','Dragón','Cuarta',0,'Fue desterrado al Mundo Distorsión por su extrema violencia.',4,NULL,0,0,'imagenes/default.gif'),
(491,491,'Darkrai','Siniestro',NULL,'Cuarta',0,'Protege su territorio provocando terribles pesadillas a los intrusos que se acercan.',4,NULL,0,0,'imagenes/default.gif'),
(493,493,'Arceus','Normal',NULL,'Cuarta',0,'La mitología lo describe como el Pokémon que creó el universo.',4,NULL,0,0,'imagenes/default.gif');
/*!40000 ALTER TABLE `pokemon` ENABLE KEYS */;
UNLOCK TABLES;

--
-- Table structure for table `pokemon_habilidad`
--

DROP TABLE IF EXISTS `pokemon_habilidad`;
/*!40101 SET @saved_cs_client     = @@character_set_client */;
/*!40101 SET character_set_client = utf8mb4 */;
CREATE TABLE `pokemon_habilidad` (
  `id` int(10) unsigned NOT NULL AUTO_INCREMENT,
  `tipo_ranura` enum('Primaria','Secundaria','Oculta') NOT NULL DEFAULT 'Primaria',
  `id_pokemon` int(10) unsigned DEFAULT NULL,
  `id_habilidad` int(10) unsigned DEFAULT NULL,
  PRIMARY KEY (`id`),
  KEY `id_pokemon` (`id_pokemon`),
  KEY `id_habilidad` (`id_habilidad`),
  CONSTRAINT `1` FOREIGN KEY (`id_pokemon`) REFERENCES `pokemon` (`id`),
  CONSTRAINT `2` FOREIGN KEY (`id_habilidad`) REFERENCES `habilidades` (`id`)
) ENGINE=InnoDB AUTO_INCREMENT=163 DEFAULT CHARSET=utf8mb4 COLLATE=utf8mb4_uca1400_ai_ci;
/*!40101 SET character_set_client = @saved_cs_client */;

--
-- Dumping data for table `pokemon_habilidad`
--

LOCK TABLES `pokemon_habilidad` WRITE;
/*!40000 ALTER TABLE `pokemon_habilidad` DISABLE KEYS */;
INSERT INTO `pokemon_habilidad` VALUES
(1,'Primaria',1,1),
(2,'Oculta',1,15),
(3,'Primaria',2,1),
(4,'Primaria',3,1),
(5,'Primaria',4,2),
(6,'Primaria',5,2),
(7,'Primaria',6,2),
(8,'Primaria',7,3),
(9,'Primaria',8,3),
(10,'Primaria',9,3),
(11,'Primaria',10,35),
(12,'Primaria',11,43),
(13,'Primaria',12,44),
(14,'Primaria',16,5),
(15,'Primaria',17,5),
(16,'Primaria',18,5),
(17,'Primaria',25,72),
(18,'Primaria',26,72),
(19,'Primaria',29,41),
(20,'Primaria',30,41),
(21,'Primaria',31,41),
(22,'Primaria',32,41),
(23,'Primaria',33,41),
(24,'Primaria',34,41),
(25,'Primaria',41,13),
(26,'Primaria',42,13),
(27,'Primaria',63,10),
(28,'Primaria',64,10),
(29,'Primaria',65,10),
(30,'Primaria',66,53),
(31,'Primaria',67,53),
(32,'Primaria',68,53),
(33,'Primaria',74,25),
(34,'Primaria',75,25),
(35,'Primaria',76,25),
(36,'Primaria',92,7),
(37,'Primaria',93,7),
(38,'Primaria',94,7),
(39,'Primaria',129,16),
(40,'Primaria',130,6),
(41,'Primaria',131,8),
(42,'Primaria',132,27),
(43,'Primaria',133,34),
(44,'Secundaria',133,61),
(45,'Primaria',134,8),
(46,'Primaria',135,73),
(47,'Primaria',136,9),
(48,'Primaria',137,38),
(49,'Primaria',142,19),
(50,'Primaria',143,17),
(51,'Secundaria',143,29),
(52,'Primaria',144,19),
(53,'Primaria',145,19),
(54,'Primaria',146,19),
(55,'Primaria',147,43),
(56,'Primaria',148,43),
(57,'Primaria',149,13),
(58,'Primaria',150,19),
(59,'Primaria',151,10),
(60,'Primaria',152,1),
(61,'Primaria',153,1),
(62,'Primaria',154,1),
(63,'Primaria',155,2),
(64,'Primaria',156,2),
(65,'Primaria',157,2),
(66,'Primaria',158,3),
(67,'Primaria',159,3),
(68,'Primaria',160,3),
(69,'Primaria',169,13),
(70,'Primaria',175,12),
(71,'Primaria',176,12),
(72,'Primaria',179,72),
(73,'Primaria',180,72),
(74,'Primaria',181,72),
(75,'Primaria',196,10),
(76,'Primaria',197,10),
(77,'Primaria',212,4),
(78,'Secundaria',212,55),
(79,'Primaria',214,4),
(80,'Primaria',227,5),
(81,'Secundaria',227,25),
(82,'Primaria',228,30),
(83,'Secundaria',228,9),
(84,'Primaria',229,30),
(85,'Secundaria',229,9),
(86,'Primaria',233,38),
(87,'Primaria',243,19),
(88,'Primaria',244,19),
(89,'Primaria',245,19),
(90,'Primaria',247,43),
(91,'Primaria',249,19),
(92,'Primaria',250,19),
(93,'Primaria',251,11),
(94,'Primaria',252,1),
(95,'Primaria',253,1),
(96,'Primaria',254,1),
(97,'Primaria',255,2),
(98,'Primaria',256,2),
(99,'Primaria',257,2),
(100,'Primaria',258,3),
(101,'Primaria',259,3),
(102,'Primaria',260,3),
(103,'Primaria',270,16),
(104,'Primaria',271,16),
(105,'Primaria',272,16),
(106,'Primaria',280,38),
(107,'Secundaria',280,10),
(108,'Primaria',281,38),
(109,'Primaria',282,38),
(110,'Primaria',304,25),
(111,'Primaria',305,25),
(112,'Primaria',306,25),
(113,'Primaria',328,48),
(114,'Primaria',329,7),
(115,'Primaria',330,7),
(116,'Primaria',349,16),
(117,'Primaria',350,45),
(118,'Primaria',371,6),
(119,'Primaria',372,6),
(120,'Primaria',373,6),
(121,'Primaria',374,37),
(122,'Primaria',375,37),
(123,'Primaria',376,37),
(124,'Primaria',382,22),
(125,'Primaria',383,47),
(126,'Primaria',384,74),
(127,'Primaria',385,12),
(128,'Primaria',387,1),
(129,'Primaria',388,1),
(130,'Primaria',389,1),
(131,'Primaria',390,2),
(132,'Primaria',391,2),
(133,'Primaria',392,2),
(134,'Primaria',393,3),
(135,'Primaria',394,3),
(136,'Primaria',395,3),
(137,'Primaria',396,5),
(138,'Primaria',397,6),
(139,'Primaria',398,6),
(140,'Oculta',398,60),
(141,'Primaria',399,33),
(142,'Primaria',403,6),
(143,'Secundaria',403,52),
(144,'Primaria',404,6),
(145,'Secundaria',404,52),
(146,'Primaria',405,6),
(147,'Secundaria',405,52),
(148,'Primaria',442,19),
(149,'Primaria',443,18),
(150,'Primaria',444,18),
(151,'Primaria',445,18),
(152,'Primaria',446,33),
(153,'Primaria',447,13),
(154,'Primaria',448,13),
(155,'Primaria',468,12),
(156,'Oculta',470,15),
(157,'Primaria',471,56),
(158,'Primaria',474,61),
(159,'Primaria',483,19),
(160,'Primaria',484,19),
(161,'Primaria',487,19),
(162,'Primaria',491,71);
/*!40000 ALTER TABLE `pokemon_habilidad` ENABLE KEYS */;
UNLOCK TABLES;

--
-- Table structure for table `pokemon_movimiento`
--

DROP TABLE IF EXISTS `pokemon_movimiento`;
/*!40101 SET @saved_cs_client     = @@character_set_client */;
/*!40101 SET character_set_client = utf8mb4 */;
CREATE TABLE `pokemon_movimiento` (
  `id` int(10) unsigned NOT NULL AUTO_INCREMENT,
  `nivel_aprendizaje` int(10) unsigned DEFAULT 1,
  `id_pokemon` int(10) unsigned DEFAULT NULL,
  `id_movimiento` int(10) unsigned DEFAULT NULL,
  PRIMARY KEY (`id`),
  KEY `id_pokemon` (`id_pokemon`),
  KEY `id_movimiento` (`id_movimiento`),
  CONSTRAINT `1` FOREIGN KEY (`id_pokemon`) REFERENCES `pokemon` (`id`),
  CONSTRAINT `2` FOREIGN KEY (`id_movimiento`) REFERENCES `movimientos` (`id`)
) ENGINE=InnoDB AUTO_INCREMENT=163 DEFAULT CHARSET=utf8mb4 COLLATE=utf8mb4_uca1400_ai_ci;
/*!40101 SET character_set_client = @saved_cs_client */;

--
-- Dumping data for table `pokemon_movimiento`
--

LOCK TABLES `pokemon_movimiento` WRITE;
/*!40000 ALTER TABLE `pokemon_movimiento` DISABLE KEYS */;
INSERT INTO `pokemon_movimiento` VALUES
(1,1,1,1),
(2,1,1,128),
(3,9,1,4),
(4,13,1,5),
(5,0,1,49),
(6,1,4,127),
(7,1,4,128),
(8,9,4,6),
(9,30,4,7),
(10,1,7,1),
(11,9,7,137),
(12,13,7,8),
(13,0,7,9),
(14,1,10,1),
(15,1,10,102),
(16,1,16,1),
(17,5,16,154),
(18,9,16,157),
(19,0,16,91),
(20,1,25,73),
(21,8,25,11),
(22,26,25,10),
(23,0,25,29),
(24,1,29,128),
(25,1,29,127),
(26,9,29,151),
(27,1,41,102),
(28,9,41,115),
(29,13,41,107),
(30,1,66,148),
(31,15,66,80),
(32,0,66,150),
(33,1,74,1),
(34,11,74,165),
(35,15,74,89),
(36,0,74,12),
(37,1,92,168),
(38,12,92,107),
(39,0,92,13),
(40,1,130,115),
(41,1,130,170),
(42,40,130,23),
(43,1,133,1),
(44,1,133,128),
(45,8,133,2),
(46,1,143,1),
(47,33,143,54),
(48,0,143,12),
(49,1,144,145),
(50,15,144,75),
(51,0,144,18),
(52,1,150,95),
(53,66,150,16),
(54,0,150,13),
(55,1,152,1),
(56,1,152,128),
(57,12,152,139),
(58,23,152,71),
(59,1,155,1),
(60,10,155,6),
(61,20,155,63),
(62,46,155,7),
(63,1,158,127),
(64,13,158,8),
(65,21,158,115),
(66,0,158,24),
(67,1,175,128),
(68,1,175,53),
(69,1,179,1),
(70,10,179,73),
(71,14,179,11),
(72,1,212,2),
(73,1,212,119),
(74,37,212,25),
(75,1,248,115),
(76,1,248,104),
(77,47,248,45),
(78,0,248,12),
(79,0,249,91),
(80,43,249,23),
(81,0,249,42),
(82,71,249,38),
(83,0,250,91),
(84,43,250,31),
(85,0,250,42),
(86,71,250,38),
(87,1,252,1),
(88,11,252,2),
(89,16,252,5),
(90,1,255,127),
(91,1,255,128),
(92,10,255,6),
(93,15,255,94),
(94,1,258,1),
(95,10,258,8),
(96,15,258,87),
(97,0,258,9),
(98,1,280,95),
(99,11,280,129),
(100,33,280,16),
(101,1,373,134),
(102,1,373,27),
(103,0,373,91),
(104,1,376,121),
(105,1,376,95),
(106,0,376,12),
(107,1,382,66),
(108,0,382,18),
(109,0,382,9),
(110,45,382,23),
(111,1,383,87),
(112,45,383,12),
(113,0,383,31),
(114,0,383,40),
(115,1,384,114),
(116,0,384,91),
(117,45,384,28),
(118,75,384,113),
(119,1,387,1),
(120,13,387,5),
(121,17,387,115),
(122,0,387,12),
(123,1,390,127),
(124,9,390,6),
(125,15,390,63),
(126,41,390,7),
(127,1,393,137),
(128,15,393,66),
(129,24,393,158),
(130,0,393,9),
(131,1,396,1),
(132,5,396,2),
(133,9,396,157),
(134,37,396,92),
(135,1,403,1),
(136,13,403,142),
(137,17,403,115),
(138,33,403,45),
(139,1,443,1),
(140,7,443,90),
(141,0,443,27),
(142,0,443,12),
(143,0,445,12),
(144,0,445,27),
(145,1,445,45),
(146,0,445,3),
(147,1,448,36),
(148,1,448,35),
(149,0,448,3),
(150,1,448,59),
(151,1,483,119),
(152,24,483,105),
(153,30,483,112),
(154,0,483,22),
(155,1,484,136),
(156,24,484,105),
(157,30,484,112),
(158,0,484,9),
(159,1,491,160),
(160,11,491,116),
(161,0,491,46),
(162,0,491,161);
/*!40000 ALTER TABLE `pokemon_movimiento` ENABLE KEYS */;
UNLOCK TABLES;

--
-- Table structure for table `pokemon_ruta`
--

DROP TABLE IF EXISTS `pokemon_ruta`;
/*!40101 SET @saved_cs_client     = @@character_set_client */;
/*!40101 SET character_set_client = utf8mb4 */;
CREATE TABLE `pokemon_ruta` (
  `id` int(10) unsigned NOT NULL AUTO_INCREMENT,
  `id_pokemon` int(10) unsigned DEFAULT NULL,
  `id_ruta` int(10) unsigned DEFAULT NULL,
  PRIMARY KEY (`id`),
  KEY `id_pokemon` (`id_pokemon`),
  KEY `id_ruta` (`id_ruta`),
  CONSTRAINT `1` FOREIGN KEY (`id_pokemon`) REFERENCES `pokemon` (`id`),
  CONSTRAINT `2` FOREIGN KEY (`id_ruta`) REFERENCES `rutas` (`id`)
) ENGINE=InnoDB AUTO_INCREMENT=111 DEFAULT CHARSET=utf8mb4 COLLATE=utf8mb4_uca1400_ai_ci;
/*!40101 SET character_set_client = @saved_cs_client */;

--
-- Dumping data for table `pokemon_ruta`
--

LOCK TABLES `pokemon_ruta` WRITE;
/*!40000 ALTER TABLE `pokemon_ruta` DISABLE KEYS */;
INSERT INTO `pokemon_ruta` VALUES
(1,16,1),
(2,16,2),
(3,10,2),
(4,25,2),
(5,41,3),
(6,74,3),
(7,41,4),
(8,16,5),
(9,63,5),
(10,16,6),
(11,63,6),
(12,16,7),
(13,16,8),
(14,63,8),
(15,41,9),
(16,41,10),
(17,74,10),
(18,143,12),
(19,129,12),
(20,129,13),
(21,129,17),
(22,129,18),
(23,129,19),
(24,129,20),
(25,129,21),
(26,143,16),
(27,16,26),
(28,16,27),
(29,10,27),
(30,16,28),
(31,10,28),
(32,41,29),
(33,179,29),
(34,41,30),
(35,63,31),
(36,132,31),
(37,16,32),
(38,16,33),
(39,16,34),
(40,129,37),
(41,129,38),
(42,270,44),
(43,270,45),
(44,280,45),
(45,129,46),
(46,129,47),
(47,129,48),
(48,129,49),
(49,129,50),
(50,129,51),
(51,129,52),
(52,129,53),
(53,74,54),
(54,328,54),
(55,74,57),
(56,270,57),
(57,349,62),
(58,129,62),
(59,129,63),
(60,129,65),
(61,129,67),
(62,129,68),
(63,129,69),
(64,129,70),
(65,129,71),
(66,129,72),
(67,129,73),
(68,129,74),
(69,129,75),
(70,129,76),
(71,129,77),
(72,396,78),
(73,399,78),
(74,396,79),
(75,399,79),
(76,403,79),
(77,63,80),
(78,396,80),
(79,399,80),
(80,403,80),
(81,10,81),
(82,41,81),
(83,396,81),
(84,399,81),
(85,403,81),
(86,74,83),
(87,41,83),
(88,74,84),
(89,74,87),
(90,74,88),
(91,41,88),
(92,396,89),
(93,129,89),
(94,129,90),
(95,41,91),
(96,74,91),
(97,63,92),
(98,41,93),
(99,41,94),
(100,129,95),
(101,129,96),
(102,129,97),
(103,129,98),
(104,129,99),
(105,129,100),
(106,129,101),
(107,16,102),
(108,16,103),
(109,129,103),
(110,129,107);
/*!40000 ALTER TABLE `pokemon_ruta` ENABLE KEYS */;
UNLOCK TABLES;

--
-- Table structure for table `regiones`
--

DROP TABLE IF EXISTS `regiones`;
/*!40101 SET @saved_cs_client     = @@character_set_client */;
/*!40101 SET character_set_client = utf8mb4 */;
CREATE TABLE `regiones` (
  `id` int(10) unsigned NOT NULL AUTO_INCREMENT,
  `nombre` enum('Kanto','Johto','Hoenn','Sinnoh') NOT NULL,
  `iniciales` enum('Charmander, Squirtle y Bulbasaur','Cyndaquil, Totodile y Chikorita','Torchic, Mudkip y Treecko','Chimchar, Piplup y Turtwig') DEFAULT NULL,
  `villanos` enum('Team Rocket','Equipo Magma o Aqua','Equipo Galaxia') DEFAULT NULL,
  `profesor` enum('Oak','Elm','Abedul','Serbal') DEFAULT NULL,
  `videojuego_origen` enum('Pokémon Rojo y Verde','Pokémon Plata y Oro','Pokémon Rubí y Zafiro','Pokémon Diamante y Perla') DEFAULT NULL,
  `fecha_lanzamiento` date DEFAULT NULL,
  `tiene_concursos` tinyint(1) DEFAULT NULL,
  PRIMARY KEY (`id`),
  UNIQUE KEY `nombre` (`nombre`)
) ENGINE=InnoDB AUTO_INCREMENT=5 DEFAULT CHARSET=utf8mb4 COLLATE=utf8mb4_uca1400_ai_ci;
/*!40101 SET character_set_client = @saved_cs_client */;

--
-- Dumping data for table `regiones`
--

LOCK TABLES `regiones` WRITE;
/*!40000 ALTER TABLE `regiones` DISABLE KEYS */;
INSERT INTO `regiones` VALUES
(1,'Kanto','Charmander, Squirtle y Bulbasaur','Team Rocket','Oak','Pokémon Rojo y Verde','1996-02-27',0),
(2,'Johto','Cyndaquil, Totodile y Chikorita','Team Rocket','Elm','Pokémon Plata y Oro','1999-11-21',0),
(3,'Hoenn','Torchic, Mudkip y Treecko','Equipo Magma o Aqua','Abedul','Pokémon Rubí y Zafiro','2002-11-21',1),
(4,'Sinnoh','Chimchar, Piplup y Turtwig','Equipo Galaxia','Serbal','Pokémon Diamante y Perla','2006-09-28',1);
/*!40000 ALTER TABLE `regiones` ENABLE KEYS */;
UNLOCK TABLES;

--
-- Table structure for table `rutas`
--

DROP TABLE IF EXISTS `rutas`;
/*!40101 SET @saved_cs_client     = @@character_set_client */;
/*!40101 SET character_set_client = utf8mb4 */;
CREATE TABLE `rutas` (
  `id` int(10) unsigned NOT NULL AUTO_INCREMENT,
  `nombre` varchar(50) NOT NULL,
  `tiene_agua` tinyint(1) DEFAULT 0,
  `clima_primario` enum('Despejado','Soleado','Lluvia','Granizo','Tormenta de arena','Niebla','Especial') NOT NULL,
  `cantidad_entrenadores` int(10) unsigned DEFAULT NULL,
  `entorno` varchar(30) DEFAULT NULL,
  `nivel_min` int(10) unsigned DEFAULT NULL,
  `nivel_max` int(10) unsigned DEFAULT NULL,
  `id_region` int(10) unsigned DEFAULT NULL,
  PRIMARY KEY (`id`),
  UNIQUE KEY `nombre` (`nombre`),
  KEY `id_region` (`id_region`),
  CONSTRAINT `1` FOREIGN KEY (`id_region`) REFERENCES `regiones` (`id`)
) ENGINE=InnoDB AUTO_INCREMENT=108 DEFAULT CHARSET=utf8mb4 COLLATE=utf8mb4_uca1400_ai_ci;
/*!40101 SET character_set_client = @saved_cs_client */;

--
-- Dumping data for table `rutas`
--

LOCK TABLES `rutas` WRITE;
/*!40000 ALTER TABLE `rutas` DISABLE KEYS */;
INSERT INTO `rutas` VALUES
(1,'Ruta 1',0,'Despejado',0,'Hierba',2,5,1),
(2,'Ruta 2',0,'Despejado',3,'Hierba',3,7,1),
(3,'Ruta 3',0,'Despejado',8,'Montaña',6,12,1),
(4,'Ruta 4',0,'Despejado',4,'Montaña',8,14,1),
(5,'Ruta 5',0,'Despejado',0,'Hierba',10,16,1),
(6,'Ruta 6',0,'Despejado',6,'Hierba',12,18,1),
(7,'Ruta 7',0,'Despejado',0,'Hierba',15,20,1),
(8,'Ruta 8',0,'Despejado',9,'Hierba',18,24,1),
(9,'Ruta 9',0,'Despejado',7,'Montaña',16,22,1),
(10,'Ruta 10',1,'Despejado',6,'Montaña',18,25,1),
(11,'Ruta 11',0,'Despejado',10,'Hierba',14,20,1),
(12,'Ruta 12',1,'Despejado',8,'Costa',22,28,1),
(13,'Ruta 13',0,'Despejado',11,'Costa',24,30,1),
(14,'Ruta 14',0,'Despejado',7,'Hierba',26,30,1),
(15,'Ruta 15',0,'Despejado',12,'Hierba',26,32,1),
(16,'Ruta 16',0,'Despejado',6,'Hierba',20,25,1),
(17,'Ruta 17',0,'Despejado',10,'Costa',25,32,1),
(18,'Ruta 18',0,'Despejado',3,'Costa',26,33,1),
(19,'Ruta 19',1,'Soleado',8,'Mar',25,35,1),
(20,'Ruta 20',1,'Soleado',12,'Mar',30,40,1),
(21,'Ruta 21',1,'Soleado',9,'Mar',25,35,1),
(22,'Ruta 22',0,'Despejado',2,'Hierba',3,10,1),
(23,'Ruta 23',1,'Especial',0,'Montaña',35,45,1),
(24,'Ruta 24',1,'Despejado',7,'Costa',10,15,1),
(25,'Ruta 25',0,'Despejado',9,'Hierba',12,17,1),
(26,'Ruta 29',0,'Despejado',0,'Hierba',2,5,2),
(27,'Ruta 30',0,'Despejado',4,'Hierba',3,6,2),
(28,'Ruta 31',0,'Despejado',3,'Hierba',4,7,2),
(29,'Ruta 32',1,'Despejado',11,'Costa',6,12,2),
(30,'Ruta 33',0,'Lluvia',2,'Montaña',6,10,2),
(31,'Ruta 34',0,'Despejado',6,'Hierba',10,15,2),
(32,'Ruta 35',0,'Despejado',9,'Hierba',12,16,2),
(33,'Ruta 36',0,'Despejado',3,'Hierba',13,17,2),
(34,'Ruta 37',0,'Despejado',4,'Hierba',14,18,2),
(35,'Ruta 38',0,'Despejado',6,'Hierba',15,20,2),
(36,'Ruta 39',0,'Despejado',5,'Hierba',15,21,2),
(37,'Ruta 40',1,'Soleado',7,'Mar',18,24,2),
(38,'Ruta 41',1,'Soleado',14,'Mar',20,28,2),
(39,'Ruta 42',1,'Despejado',4,'Montaña',15,22,2),
(40,'Ruta 43',0,'Lluvia',7,'Hierba',17,24,2),
(41,'Ruta 44',1,'Despejado',6,'Montaña',22,26,2),
(42,'Ruta 45',0,'Despejado',9,'Montaña',23,28,2),
(43,'Ruta 46',0,'Despejado',3,'Montaña',2,6,2),
(44,'Ruta 101',0,'Despejado',0,'Hierba',2,4,3),
(45,'Ruta 102',0,'Despejado',4,'Hierba',3,5,3),
(46,'Ruta 103',1,'Despejado',5,'Costa',4,7,3),
(47,'Ruta 104',1,'Despejado',7,'Costa',4,8,3),
(48,'Ruta 105',1,'Soleado',6,'Mar',20,30,3),
(49,'Ruta 106',1,'Soleado',4,'Mar',22,32,3),
(50,'Ruta 107',1,'Soleado',5,'Mar',24,32,3),
(51,'Ruta 108',1,'Soleado',6,'Mar',25,34,3),
(52,'Ruta 109',1,'Soleado',11,'Costa',20,30,3),
(53,'Ruta 110',1,'Despejado',13,'Costa',10,14,3),
(54,'Ruta 111',0,'Tormenta de arena',12,'Desierto',16,22,3),
(55,'Ruta 112',0,'Soleado',4,'Montaña',15,18,3),
(56,'Ruta 113',0,'Especial',5,'Nieve volcánica',15,19,3),
(57,'Ruta 114',1,'Despejado',9,'Montaña',16,20,3),
(58,'Ruta 115',1,'Despejado',6,'Costa',25,32,3),
(59,'Ruta 116',0,'Despejado',9,'Hierba',7,11,3),
(60,'Ruta 117',0,'Despejado',5,'Hierba',11,14,3),
(61,'Ruta 118',1,'Despejado',4,'Costa',12,16,3),
(62,'Ruta 119',1,'Lluvia',15,'Hierba alta',24,29,3),
(63,'Ruta 120',0,'Despejado',10,'Hierba alta',25,30,3),
(64,'Ruta 121',0,'Despejado',8,'Hierba',26,31,3),
(65,'Ruta 122',1,'Despejado',0,'Mar',25,30,3),
(66,'Ruta 123',0,'Despejado',11,'Hierba',26,33,3),
(67,'Ruta 124',1,'Soleado',8,'Mar',30,38,3),
(68,'Ruta 125',1,'Soleado',5,'Mar',30,38,3),
(69,'Ruta 126',1,'Soleado',6,'Mar',30,38,3),
(70,'Ruta 127',1,'Soleado',8,'Mar',32,40,3),
(71,'Ruta 128',1,'Soleado',6,'Mar',32,40,3),
(72,'Ruta 129',1,'Soleado',5,'Mar',34,42,3),
(73,'Ruta 130',1,'Soleado',3,'Mar',34,42,3),
(74,'Ruta 131',1,'Soleado',7,'Mar',34,42,3),
(75,'Ruta 132',1,'Soleado',4,'Mar',34,42,3),
(76,'Ruta 133',1,'Soleado',6,'Mar',34,42,3),
(77,'Ruta 134',1,'Soleado',5,'Mar',34,42,3),
(78,'Ruta 201',0,'Despejado',0,'Hierba',2,4,4),
(79,'Ruta 202',0,'Despejado',4,'Hierba',3,6,4),
(80,'Ruta 203',0,'Despejado',6,'Hierba',4,8,4),
(81,'Ruta 204',0,'Despejado',8,'Hierba',4,11,4),
(82,'Ruta 205',1,'Despejado',10,'Hierba',10,15,4),
(83,'Ruta 206',0,'Despejado',5,'Puente',14,18,4),
(84,'Ruta 207',0,'Despejado',6,'Montaña',15,19,4),
(85,'Ruta 208',0,'Despejado',5,'Montaña',16,21,4),
(86,'Ruta 209',1,'Despejado',9,'Costa',16,22,4),
(87,'Ruta 210',0,'Niebla',12,'Hierba alta',18,26,4),
(88,'Ruta 211',0,'Despejado',6,'Montaña',26,30,4),
(89,'Ruta 212',1,'Lluvia',14,'Pantano',22,28,4),
(90,'Ruta 213',1,'Despejado',8,'Costa',20,26,4),
(91,'Ruta 214',0,'Despejado',10,'Hierba',22,28,4),
(92,'Ruta 215',0,'Lluvia',8,'Hierba',22,29,4),
(93,'Ruta 216',0,'Granizo',5,'Nieve',32,36,4),
(94,'Ruta 217',0,'Granizo',8,'Nieve',34,38,4),
(95,'Ruta 218',1,'Despejado',4,'Costa',28,33,4),
(96,'Ruta 219',1,'Soleado',2,'Mar',28,35,4),
(97,'Ruta 220',1,'Soleado',6,'Mar',28,36,4),
(98,'Ruta 221',0,'Despejado',7,'Hierba',28,35,4),
(99,'Ruta 222',1,'Despejado',11,'Costa',38,44,4),
(100,'Ruta 223',1,'Soleado',8,'Mar',40,50,4),
(101,'Ruta 224',1,'Despejado',8,'Hierba',50,56,4),
(102,'Ruta 225',0,'Despejado',12,'Montaña',48,54,4),
(103,'Ruta 226',1,'Despejado',6,'Montaña',50,56,4),
(104,'Ruta 227',0,'Especial',4,'Volcán',52,58,4),
(105,'Ruta 228',0,'Tormenta de arena',7,'Desierto',52,58,4),
(106,'Ruta 229',0,'Despejado',6,'Bosque',52,58,4),
(107,'Ruta 230',1,'Soleado',8,'Mar',50,60,4);
/*!40000 ALTER TABLE `rutas` ENABLE KEYS */;
UNLOCK TABLES;

--
-- Table structure for table `usuarios`
--

DROP TABLE IF EXISTS `usuarios`;
/*!40101 SET @saved_cs_client     = @@character_set_client */;
/*!40101 SET character_set_client = utf8mb4 */;
CREATE TABLE `usuarios` (
  `id` int(11) NOT NULL AUTO_INCREMENT,
  `nombre_usuario` varchar(50) NOT NULL,
  `contrasena` varchar(100) NOT NULL,
  `rol` varchar(20) NOT NULL,
  PRIMARY KEY (`id`),
  UNIQUE KEY `nombreUsuario` (`nombre_usuario`)
) ENGINE=InnoDB AUTO_INCREMENT=5 DEFAULT CHARSET=utf8mb4 COLLATE=utf8mb4_uca1400_ai_ci;
/*!40101 SET character_set_client = @saved_cs_client */;

--
-- Dumping data for table `usuarios`
--

LOCK TABLES `usuarios` WRITE;
/*!40000 ALTER TABLE `usuarios` DISABLE KEYS */;
INSERT INTO `usuarios` VALUES
(1,'oak','1234','Administrador'),
(2,'ash','1234','Entrenador'),
(4,'elm','1234','Administrador');
/*!40000 ALTER TABLE `usuarios` ENABLE KEYS */;
UNLOCK TABLES;

--
-- Dumping routines for database 'entrega'
--
/*!40103 SET TIME_ZONE=@OLD_TIME_ZONE */;

/*!40101 SET SQL_MODE=@OLD_SQL_MODE */;
/*!40014 SET FOREIGN_KEY_CHECKS=@OLD_FOREIGN_KEY_CHECKS */;
/*!40014 SET UNIQUE_CHECKS=@OLD_UNIQUE_CHECKS */;
/*!40101 SET CHARACTER_SET_CLIENT=@OLD_CHARACTER_SET_CLIENT */;
/*!40101 SET CHARACTER_SET_RESULTS=@OLD_CHARACTER_SET_RESULTS */;
/*!40101 SET COLLATION_CONNECTION=@OLD_COLLATION_CONNECTION */;
/*M!100616 SET NOTE_VERBOSITY=@OLD_NOTE_VERBOSITY */;

-- Dump completed on 2026-06-23 18:38:34
